<?xml version="1.0" encoding="UTF-8"?>
<project-private xmlns="http://www.netbeans.org/ns/project-private/1">
    <editor-bookmarks xmlns="http://www.netbeans.org/ns/editor-bookmarks/2" lastBookmarkId="0"/>
    <open-files xmlns="http://www.netbeans.org/ns/projectui-open-files/2">
        <group>
            <file>file:/Users/northerncity/NetBeansProjects/HotelApp/src/hotelapp/Database.java</file>
            <file>file:/Users/northerncity/NetBeansProjects/HotelApp/src/hotelapp/CreateCheckIn.java</file>
            <file>file:/Users/northerncity/NetBeansProjects/HotelApp/src/hotelapp/IndexRoom.java</file>
            <file>file:/Users/northerncity/NetBeansProjects/HotelApp/src/hotelapp/CreateGuest.java</file>
            <file>file:/Users/northerncity/NetBeansProjects/HotelApp/src/hotelapp/CreateRoom.java</file>
            <file>file:/Users/northerncity/NetBeansProjects/HotelApp/src/hotelapp/IndexGuest.java</file>
        </group>
    </open-files>
</project-private>
